CAD_ID,count
202000370679,2
202000372897,2
202000244075,2
202000365049,2
202000244425,2
202000362151,2
202000361036,2
202000360698,2
202000359819,2
202000269114,2
202000245770,2
202000246085,2
202000373570,2
202000268864,2
202000245918,2
202200292425,1
202200294165,1
202200294170,1
202200294207,1
202200294623,1
202200295133,1
202200295164,1
202200295169,1
202200295402,1
202200282804,1
202200291904,1
202200291409,1
202200289613,1
202200289209,1
202200289032,1
202200289028,1
202200287738,1
202200287287,1
202200286785,1
202200285456,1
202200284482,1
202200282863,1
202200295683,1
202200305647,1
202200305666,1
202200306054,1
202200306061,1
202200306215,1
202200306344,1
202200306594,1
202200306603,1
202200296082,1
202200306658,1
202200307981,1
202200308123,1
202200308158,1
202200308213,1
202200308224,1
202200309375,1
202200311446,1
202200312830,1
202200306604,1
202200296092,1
202200296600,1
202200296601,1
202200296765,1
202200296818,1
202200297027,1
202200297159,1
202200297995,1
202200300058,1
202200305419,1
202200302134,1
202200302927,1
202200302946,1
202200303030,1
202200303470,1
202200303963,1
202200304179,1
202200304269,1
202200305253,1
202200301279,1
202200248021,1
202200247786,1
202200247670,1
202200247539,1
202200246359,1
202200246081,1
202200245985,1
202200245947,1
202200245385,1
202200244299,1
202200243909,1
202200243696,1
202200242891,1
202200241838,1
202200241542,1
202200268370,1
202200237597,1
202200236542,1
202200233999,1
202200233971,1
202200232918,1
202200232874,1
202200232674,1
202200232621,1
202200231614,1
202200231294,1
202200230011,1
202200230009,1
202200229321,1
202200228467,1
202200227598,1
202200239813,1
202200280547,1
202200269970,1
202200269947,1
202200268723,1
202200268458,1
202200313136,1
202200268207,1
202200267857,1
202200266709,1
202200263104,1
202200261982,1
202200261108,1
202200260528,1
202200260489,1
202200259265,1
202200248063,1
202200255864,1
202200255298,1
202200255279,1
202200254363,1
202200253196,1
202200253194,1
202200253028,1
202200252462,1
202200252157,1
202200251388,1
202200251315,1
202200251260,1
202200250718,1
202200249433,1
202200248393,1
202200256578,1
202200371581,1
202200370473,1
202200369854,1
202200367635,1
202200367427,1
202200366631,1
202200365873,1
202200365871,1
202200365787,1
202200365744,1
202200365592,1
202200365469,1
202200364536,1
202200361582,1
202200361160,1
202200315984,1
202200351019,1
202200352040,1
202200352480,1
202200354083,1
202200354664,1
202200355028,1
202200355823,1
202200360274,1
202200356695,1
202200356696,1
202200358647,1
202200358651,1
202200358733,1
202200358737,1
202200358777,1
202200359590,1
202200356085,1
202300012969,1
202300012970,1
202300013007,1
202300013942,1
202300014035,1
202300014607,1
202300014699,1
202200371988,1
202300016643,1
202300016738,1
202300017398,1
202300017899,1
202300018904,1
202300019340,1
202300019676,1
202300019679,1
202300015282,1
202200375673,1
202200376487,1
202200376968,1
202200377790,1
202300000179,1
202300002220,1
202300003055,1
202300011628,1
202300004580,1
202300004581,1
202300005425,1
202300006738,1
202300007336,1
202300009835,1
202300010046,1
202300011612,1
202300003286,1
202200330154,1
202200329803,1
202200329708,1
202200329699,1
202200329636,1
202200327468,1
202200327162,1
202200327134,1
202200327118,1
202200326586,1
202200326337,1
202200324984,1
202200324572,1
202200323680,1
202200323531,1
202200350870,1
202200313821,1
202200313888,1
202200314366,1
202300019906,1
202200316698,1
202200318272,1
202200318773,1
202200323319,1
202200321713,1
202200322131,1
202200322339,1
202200322445,1
202200322511,1
202200322943,1
202200323109,1
202200323214,1
202200319748,1
202200342521,1
202200342721,1
202200343230,1
202200343379,1
202200344782,1
202200346504,1
202200346695,1
202200330173,1
202200348243,1
202200349846,1
202200350494,1
202200350521,1
202200350524,1
202200350657,1
202200350716,1
202200350738,1
202200346981,1
202200334885,1
202200335256,1
202200335374,1
202200336150,1
202200337185,1
202200337879,1
202200337889,1
202200341909,1
202200338605,1
202200339147,1
202200339268,1
202200339567,1
202200339979,1
202200340495,1
202200341466,1
202200341548,1
202200338273,1
202200096344,1
202200097150,1
202200097152,1
202200097310,1
202200097565,1
202200097780,1
202200098458,1
202200227090,1
202200098860,1
202200103177,1
202200103193,1
202200103352,1
202200103651,1
202200103704,1
202200104698,1
202200107503,1
202200098799,1
202200076145,1
202200077425,1
202200080779,1
202200080828,1
202200082632,1
202200084347,1
202200084941,1
202200094558,1
202200086211,1
202200088154,1
202200088991,1
202200088992,1
202200089336,1
202200090711,1
202200091946,1
202200092489,1
202200085727,1
202200116941,1
202200119044,1
202200119091,1
202200119139,1
202200121027,1
202200122175,1
202200122973,1
202200107785,1
202200124318,1
202200127343,1
202200127480,1
202200130580,1
202200130581,1
202200132324,1
202200132390,1
202200132618,1
202200123697,1
202200107949,1
202200107993,1
202200108307,1
202200109055,1
202200110368,1
202200110941,1
202200110943,1
202200111366,1
202200115075,1
202200111371,1
202200111373,1
202200112208,1
202200112670,1
202200113258,1
202200113926,1
202200114553,1
202200114669,1
202200111367,1
202200019529,1
202200019634,1
202200020843,1
202200022449,1
202200022680,1
202200022910,1
202200023229,1
202200074858,1
202200025662,1
202200026350,1
202200028487,1
202200035541,1
202200035543,1
202200035550,1
202200037599,1
202200037601,1
202200023665,1
202200004687,1
202200006268,1
202200008455,1
202200008636,1
202200009796,1
202200012349,1
202200015340,1
202200019437,1
202200015633,1
202200015780,1
202200016017,1
202200017988,1
202200018093,1
202200019257,1
202200019281,1
202200019436,1
202200015346,1
202200062048,1
202200062506,1
202200063366,1
202200065241,1
202200065823,1
202200066147,1
202200066298,1
202200037787,1
202200067337,1
202200067880,1
202200068867,1
202200072473,1
202200073118,1
202200073410,1
202200073679,1
202200074695,1
202200066304,1
202200039767,1
202200039845,1
202200039846,1
202200039868,1
202200042381,1
202200048089,1
202200049453,1
202200050383,1
202200060395,1
202200054288,1
202200054375,1
202200055158,1
202200056098,1
202200058978,1
202200059661,1
202200059853,1
202200060340,1
202200053785,1
202200198573,1
202200198764,1
202200199521,1
202200200299,1
202200200300,1
202200200628,1
202200201000,1
202200132671,1
202200201916,1
202200201973,1
202200204336,1
202200206067,1
202200206823,1
202200207219,1
202200207318,1
202200207518,1
202200201731,1
202200187020,1
202200188143,1
202200188212,1
202200189019,1
202200189506,1
202200191353,1
202200192301,1
202200197923,1
202200193691,1
202200194306,1
202200194379,1
202200194663,1
202200196350,1
202200196407,1
202200197509,1
202200197628,1
202200193020,1
202200220606,1
202200220954,1
202200221464,1
202200221563,1
202200221632,1
202200223453,1
202200224069,1
202200207874,1
202200224710,1
202200224853,1
202200225109,1
202200225521,1
202200225749,1
202200226173,1
202200226598,1
202200226847,1
202200224706,1
202200207907,1
202200208256,1
202200208547,1
202200208667,1
202200208971,1
202200209402,1
202200209808,1
202200210286,1
202200219863,1
202200213541,1
202200213732,1
202200217307,1
202200217424,1
202200218082,1
202200218083,1
202200218169,1
202200219296,1
202200212101,1
202200150111,1
202200150727,1
202200151594,1
202200151642,1
202200151905,1
202200153430,1
202200153668,1
202200184871,1
202200155415,1
202200156530,1
202200157116,1
202200159430,1
202200161763,1
202200162281,1
202200162393,1
202200162788,1
202200155082,1
202200132681,1
202200137598,1
202200137642,1
202200138804,1
202200140274,1
202200141226,1
202200141389,1
202200149709,1
202200141655,1
202200142034,1
202200143683,1
202200145448,1
202200145586,1
202200148300,1
202200148394,1
202200149683,1
202200141394,1
202200174449,1
202200174616,1
202200175691,1
202200175778,1
202200177581,1
202200177771,1
202200178063,1
202200163306,1
202200179754,1
202200180132,1
202200180940,1
202200181211,1
202200181212,1
202200182074,1
202200182864,1
202200184036,1
202200178236,1
202200163369,1
202200163794,1
202200164436,1
202200164527,1
202200164691,1
202200165000,1
202200165771,1
202200166795,1
202200173881,1
202200167967,1
202200167995,1
202200169955,1
202200170571,1
202200171274,1
202200172969,1
202200173257,1
202200173634,1
202200167965,1
202300273201,1
202300272802,1
202300272689,1
202300271088,1
202300271086,1
202300270941,1
202300270938,1
202300270696,1
202300270679,1
202300270646,1
202300269825,1
202300268676,1
202300268566,1
202300268466,1
202300268367,1
202300025212,1
202300253714,1
202300255303,1
202300256233,1
202300256823,1
202300256860,1
202300256996,1
202300257237,1
202300267411,1
202300260516,1
202300260546,1
202300260578,1
202300261789,1
202300263131,1
202300265848,1
202300266494,1
202300267306,1
202300259719,1
202300282281,1
202300282800,1
202300282891,1
202300282893,1
202300283542,1
202300284174,1
202300288705,1
202300273882,1
202300290185,1
202300291505,1
202300291731,1
202300292745,1
202300292746,1
202300293049,1
202300293274,1
202300293753,1
202300289382,1
202300273885,1
202300274037,1
202300275168,1
202300276220,1
202300276711,1
202300277323,1
202300277815,1
202300281647,1
202300278298,1
202300278640,1
202300278641,1
202300279277,1
202300279774,1
202300279872,1
202300280074,1
202300281017,1
202300278281,1
202300231547,1
202300230507,1
202300230110,1
202300229628,1
202300229295,1
202300228972,1
202300228878,1
202300228873,1
202300228869,1
202300227174,1
202300226540,1
202300226307,1
202300225798,1
202300225591,1
202300225463,1
202300253712,1
202300211260,1
202300212156,1
202300213141,1
202300213142,1
202300213156,1
202300214036,1
202300215474,1
202300225370,1
202300218244,1
202300219541,1
202300220870,1
202300220954,1
202300221338,1
202300222462,1
202300223869,1
202300225161,1
202300217204,1
202300244781,1
202300246105,1
202300246802,1
202300247110,1
202300247399,1
202300248020,1
202300248063,1
202300232071,1
202300249140,1
202300250143,1
202300251292,1
202300251327,1
202300251484,1
202300252404,1
202300252622,1
202300253711,1
202300248481,1
202300232229,1
202300232815,1
202300233221,1
202300233954,1
202300233955,1
202300236325,1
202300236420,1
202300243398,1
202300238185,1
202300238239,1
202300238523,1
202300239495,1
202300239697,1
202300241072,1
202300243262,1
202300243286,1
202300237839,1
202300361571,1
202300361369,1
202300360029,1
202300357578,1
202300357033,1
202300356641,1
202300356505,1
202300352894,1
202300351457,1
202300350778,1
202300350662,1
202300350566,1
202300350443,1
202300349824,1
202300349614,1
202300293799,1
202300330178,1
202300331492,1
202300332708,1
202300333373,1
202300333478,1
202300335577,1
202300336927,1
202300348827,1
202300338998,1
202300340061,1
202300341221,1
202300341245,1
202300345180,1
202300345422,1
202300345837,1
202300346710,1
202300338926,1
202300383093,1
202000024701,1
202000010086,1
202000012614,1
202000013068,1
202000013505,1
202000013906,1
202300363298,1
202000018726,1
202000022160,1
202000022240,1
202000022332,1
202000022957,1
202000022968,1
202000023072,1
202000023174,1
202000014935,1
202300365418,1
202300365794,1
202000009720,1
202300383701,1
202300383705,1
202300384226,1
202300384355,1
202300388004,1
202300384912,1
202300384913,1
202300385212,1
202300385727,1
202300386484,1
202300386537,1
202300386861,1
202300387472,1
202300384462,1
202300314309,1
202300313451,1
202300313125,1
202300312566,1
202300312384,1
202300312201,1
202300311926,1
202300309322,1
202300308978,1
202300308942,1
202300307859,1
202300305625,1
202300303595,1
202300303049,1
202300303048,1
202300330060,1
202300294722,1
202300295720,1
202300295764,1
202300295874,1
202300296737,1
202300297854,1
202300298176,1
202300302954,1
202300299269,1
202300300230,1
202300300414,1
202300300464,1
202300301017,1
202300301552,1
202300301709,1
202300301874,1
202300298179,1
202300323774,1
202300323846,1
202300323851,1
202300324067,1
202300324779,1
202300326081,1
202300326474,1
202300314929,1
202300327078,1
202300327547,1
202300327706,1
202300328143,1
202300328466,1
202300328514,1
202300329200,1
202300330012,1
202300326517,1
202300315558,1
202300315826,1
202300316046,1
202300316075,1
202300316271,1
202300317770,1
202300317913,1
202300323406,1
202300318757,1
202300318787,1
202300319064,1
202300320905,1
202300321422,1
202300321679,1
202300321826,1
202300322248,1
202300318644,1
202300105578,1
202300104914,1
202300103766,1
202300103697,1
202300103638,1
202300101818,1
202300101629,1
202300101442,1
202300101391,1
202300101231,1
202300101003,1
202300099171,1
202300099059,1
202300097804,1
202300096736,1
202300210685,1
202300077640,1
202300077685,1
202300079198,1
202300080170,1
202300083472,1
202300083918,1
202300084002,1
202300094698,1
202300087138,1
202300087265,1
202300089788,1
202300089902,1
202300090966,1
202300092242,1
202300092405,1
202300093999,1
202300085705,1
202300118281,1
202300118804,1
202300119514,1
202300119989,1
202300120647,1
202300123188,1
202300123237,1
202300105643,1
202300126132,1
202300126575,1
202300127737,1
202300128501,1
202300129701,1
202300130577,1
202300130729,1
202300130730,1
202300123617,1
202300105933,1
202300105936,1
202300107188,1
202300107450,1
202300107496,1
202300107720,1
202300111208,1
202300117819,1
202300112206,1
202300112301,1
202300112951,1
202300113389,1
202300114169,1
202300116263,1
202300116356,1
202300117194,1
202300111887,1
202300053615,1
202300050632,1
202300049724,1
202300045653,1
202300044967,1
202300044511,1
202300043934,1
202300043640,1
202300043263,1
202300043049,1
202300042906,1
202300041764,1
202300039654,1
202300039568,1
202300039482,1
202300077061,1
202300020103,1
202300021307,1
202300022382,1
202300022804,1
202300024765,1
202300025100,1
202200000456,1
202300037740,1
202300026137,1
202300026948,1
202300030179,1
202300030500,1
202300031569,1
202300032237,1
202300033498,1
202300035533,1
202300026135,1
202300066535,1
202300067073,1
202300067192,1
202300067657,1
202300067706,1
202300067888,1
202300068051,1
202300053699,1
202300069022,1
202300070025,1
202300070779,1
202300071496,1
202300073563,1
202300073982,1
202300074979,1
202300075709,1
202300068654,1
202300054139,1
202300054487,1
202300054554,1
202300054842,1
202300055514,1
202300057723,1
202300058352,1
202300066528,1
202300058933,1
202300059582,1
202300059658,1
202300060247,1
202300060452,1
202300062033,1
202300066091,1
202300066330,1
202300058684,1
202300185318,1
202300184660,1
202300182783,1
202300182550,1
202300181492,1
202300180442,1
202300180416,1
202300180168,1
202300179756,1
202300178831,1
202300177456,1
202300177405,1
202300176400,1
202300176097,1
202300175073,1
202300131179,1
202300164059,1
202300166203,1
202300168108,1
202300168231,1
202300168513,1
202300168892,1
202300169378,1
202300173914,1
202300169828,1
202300169984,1
202300170106,1
202300170595,1
202300171102,1
202300171110,1
202300172446,1
202300173371,1
202300169637,1
202300200256,1
202300201479,1
202300201512,1
202300202752,1
202300203311,1
202300203570,1
202300203733,1
202300185898,1
202300204558,1
202300204693,1
202300206343,1
202300207045,1
202300208326,1
202300209285,1
202300209492,1
202300210082,1
202300204526,1
202300187821,1
202300188709,1
202300188719,1
202300190540,1
202300190875,1
202300193796,1
202300193894,1
202300200253,1
202300194710,1
202300195695,1
202300196247,1
202300196874,1
202300197216,1
202300198693,1
202300200007,1
202300200010,1
202300194221,1
202300150616,1
202300150614,1
202300150579,1
202300150578,1
202300150372,1
202300149884,1
202300149429,1
202300148439,1
202300147451,1
202300147448,1
202300145997,1
202300145310,1
202300144270,1
202300144010,1
202300144000,1
202300163508,1
202300131591,1
202300132526,1
202300133686,1
202300134923,1
202300135016,1
202300135780,1
202300136581,1
202300143676,1
202300139416,1
202300139980,1
202300140211,1
202300141270,1
202300141445,1
202300141709,1
202300141945,1
202300142346,1
202300136908,1
202300157870,1
202300158984,1
202300159438,1
202300160072,1
202300160185,1
202300160471,1
202300160540,1
202300150896,1
202300160695,1
202300162320,1
202300162946,1
202300162948,1
202300163116,1
202300163274,1
202300163368,1
202300163385,1
202300160687,1
202300150900,1
202300152117,1
202300153071,1
202300153154,1
202300153155,1
202300153217,1
202300153223,1
202300157601,1
202300153634,1
202300154327,1
202300154386,1
202300154534,1
202300155491,1
202300155550,1
202300155562,1
202300156245,1
202300153479,1
202000279789,1
202000278848,1
202000278602,1
202000278090,1
202000277631,1
202000277521,1
202000276953,1
202000276868,1
202000276823,1
202000275773,1
202000274885,1
202000274355,1
202000274107,1
202000273730,1
202000273394,1
202100391225,1
202000256888,1
202000257473,1
202000257810,1
202000258819,1
202000258938,1
202000258939,1
202000259961,1
202000272456,1
202000262197,1
202000262680,1
202000262869,1
202000265200,1
202000266040,1
202000266648,1
202000268864 (1),1
202000270285,1
202000260212,1
202000294384,1
202000294685,1
202000295976,1
202000298658,1
202000298954,1
202000298955,1
202000299970,1
202000280157,1
202000300149,1
202000300213,1
202000300264,1
202000300985,1
202000301030,1
202000302136,1
202000303600,1
202000303715,1
202000300124,1
202000283652,1
202000284688,1
202000284974,1
202000286250,1
202000287018,1
202000287080,1
202000287108,1
202000293502,1
202000288602,1
202000288911,1
202000289684,1
202000289857,1
202000290785,1
202000290845,1
202000290860,1
202000292272,1
202000288474,1
202000227724,1
202000226948,1
202000226542,1
202000225664,1
202000225247,1
202000223777,1
202000223275,1
202000222116,1
202000221750,1
202000221561,1
202000220233,1
202000218245,1
202000217732,1
202000214467,1
202000214205,1
202000256093,1
202000203680,1
202000204673,1
202000204724,1
202000205871,1
202000206394,1
202000207729,1
202000208483,1
202000213219,1
202000209458,1
202000209669,1
202000209851,1
202000209853,1
202000209854,1
202000210906,1
202000211964,1
202000212147,1
202000208824,1
202000239316,1
202000240465,1
202000240479,1
202000240697,1
202000241709,1
202000241887,1
202000242063,1
202000228429,1
202000243107,1
202000244425 (1),1
202000250211,1
202000251885,1
202000251946,1
202000252161,1
202000252163,1
202000255707,1
202000242599,1
202000228941,1
202000230509,1
202000230893,1
202000231755,1
202000231761,1
202000232081,1
202000232219,1
202000239041,1
202000234891,1
202000235529,1
202000235651,1
202000235825,1
202000236027,1
202000236979,1
202000237688,1
202000237951,1
202000234773,1
202000385791,1
202000384747,1
202000383540,1
202000380810,1
202000380421,1
202000380420,1
202000380210,1
202000379123,1
202000376303,1
202000375900,1
202000374877,1
202000374780,1
202000374779,1
202000374672,1
202000369695,1
202000304836,1
202000350645,1
202000350647,1
202000350842,1
202000351581,1
202000352103,1
202000352691,1
202000354361,1
202000366213,1
202000354878,1
202000355129,1
202000355751,1
202000356212,1
202000357257,1
202000362151 (1),1
202000365907,1
202000366075,1
202000354669,1
202100004302,1
202100006362,1
202100008305,1
202100011502,1
202100012243,1
202100014192,1
202100014235,1
202000389038,1
202100015376,1
202100015377,1
202100015540,1
202100015714,1
202100015762,1
202100015858,1
202100017234,1
202100018196,1
202100014247,1
202000389378,1
202000390633,1
202000391278,1
202000391403,1
202000391898,1
202000392010,1
202000393386,1
202100004257,1
202000393892,1
202000394373,1
202000395988,1
202000403827,1
202000404534,1
202000406272,1
202100002135,1
202100002136,1
202000393526,1
202000327365,1
202000327363,1
202000324080,1
202000323783,1
202000323728,1
202000322990,1
202000322748,1
202000321922,1
202000321094,1
202000320749,1
202000319642,1
202000319523,1
202000319463,1
202000317081,1
202000316705,1
202000350509,1
202000304838,1
202000305019,1
202000306078,1
202000306632,1
202000307412,1
202000308099,1
202000308292,1
202000315929,1
202000311646,1
202000312495,1
202000312502,1
202000313674,1
202000314442,1
202000314686,1
202000314692,1
202000314839,1
202000310741,1
202000337558,1
202000342004,1
202000342192,1
202000343101,1
202000343175,1
202000343897,1
202000345151,1
202000327579,1
202000346731,1
202000346986,1
202000347075,1
202000348207,1
202000348327,1
202000348708,1
202000348745,1
202000349265,1
202000345154,1
202000327837,1
202000327891,1
202000328646,1
202000328647,1
202000330079,1
202000330438,1
202000330810,1
202000336001,1
202000331966,1
202000333988,1
202000334064,1
202000334199,1
202000335297,1
202000335456,1
202000335485,1
202000335491,1
202000330892,1
202000073804,1
202000072752,1
202000072717,1
202000072571,1
202000071858,1
202000071383,1
202000071381,1
202000067718,1
202000066970,1
202000066451,1
202000066280,1
202000066274,1
202000064549,1
202000062640,1
202000062194,1
202000203508,1
202000050673,1
202000050824,1
202000050994,1
202000051926,1
202000052244,1
202000054517,1
202000054779,1
202000061864,1
202000054891,1
202000054987,1
202000057734,1
202000059098,1
202000060609,1
202000061081,1
202000061721,1
202000061812,1
202000054821,1
202000091035,1
202000091704,1
202000091712,1
202000092812,1
202000093084,1
202000093617,1
202000095540,1
202000074745,1
202000097944,1
202000098015,1
202000099305,1
202000099865,1
202000102542,1
202000102809,1
202000102889,1
202000104512,1
202000097682,1
202000076095,1
202000076329,1
202000077151,1
202000077349,1
202000078358,1
202000078762,1
202000079965,1
202000090838,1
202000083812,1
202000084489,1
202000084743,1
202000085017,1
202000085881,1
202000087557,1
202000087584,1
202000088632,1
202000083809,1
202000024736,1
202300366054,1
202300380636,1
202300379770,1
202300379639,1
202300379099,1
202300378734,1
202300377516,1
202300377178,1
202300374133,1
202300373578,1
202300373349,1
202300372755,1
202300372291,1
202300367651,1
202000049647,1
202400253534,1
202000000930,1
202000001607,1
202000002596,1
202000002644,1
202000003457,1
202000003892,1
202300366800,1
202000004832,1
202000005498,1
202000006013,1
202000006669,1
202000006670,1
202000008453,1
202000009143,1
202300382405,1
202000004207,1
202000035895,1
202000035978,1
202000036701,1
202000037765,1
202000038234,1
202000040777,1
202000040893,1
202000025464,1
202000043572,1
202000045635,1
202000045805,1
202000046049,1
202000046519,1
202000047439,1
202000048648,1
202000048795,1
202000041260,1
202000025835,1
202000026849,1
202000028129,1
202000028217,1
202000028540,1
202000031441,1
202000032125,1
202000033618,1
202000032201,1
202000032481,1
202000032662,1
202000032722,1
202000032920,1
202000033016,1
202000033094,1
202000033569,1
202000032166,1
202000178361,1
202000178294,1
202000177064,1
202000177054,1
202000175512,1
202000175028,1
202000174838,1
202000173753,1
202000173628,1
202000173018,1
202000171544,1
202000171278,1
202000171051,1
202000171023,1
202000169242,1
202000106496,1
202000160049,1
202000160325,1
202000160549,1
202000161343,1
202000161480,1
202000161985,1
202000161986,1
202000168045,1
202000164153,1
202000164618,1
202000165944,1
202000166368,1
202000167577,1
202000168030,1
202000168035,1
202000168041,1
202000162971,1
202000194164,1
202000194698,1
202000197277,1
202000197385,1
202000197440,1
202000197468,1
202000198468,1
202000179276,1
202000198882,1
202000199579,1
202000201041,1
202000201676,1
202000202115,1
202000202355,1
202000202505,1
202000202874,1
202000198686,1
202000179545,1
202000180621,1
202000181016,1
202000181017,1
202000181732,1
202000182820,1
202000184825,1
202000193260,1
202000185956,1
202000187665,1
202000187676,1
202000191059,1
202000191757,1
202000191935,1
202000193098,1
202000193211,1
202000184944,1
202000132837,1
202000132336,1
202000132290,1
202000131673,1
202000131118,1
202000127688,1
202000127599,1
202000127289,1
202000127183,1
202000127004,1
202000126897,1
202000125864,1
202000125470,1
202000122930,1
202000120855,1
202000158280,1
202000107480,1
202000109386,1
202000109515,1
202000109705,1
202000110506,1
202000112540,1
202000113286,1
202000120827,1
202000114295,1
202000114298,1
202000116402,1
202000116974,1
202000117165,1
202000117167,1
202000120585,1
202000120825,1
202000113682,1
202000148930,1
202000149041,1
202000150056,1
202000151526,1
202000152661,1
202000152767,1
202000152875,1
202000133355,1
202000154549,1
202000155726,1
202000156142,1
202000156780,1
202000156781,1
202000156927,1
202000156936,1
202000157436,1
202000154508,1
202000133521,1
202000133685,1
202000134396,1
202000135906,1
202000136738,1
202000137111,1
202000137112,1
202000146982,1
202000137363,1
202000138168,1
202000140484,1
202000142904,1
202000143087,1
202000143185,1
202000143956,1
202000146034,1
202000137113,1
202100281135,1
202100280356,1
202100280307,1
202100279896,1
202100279593,1
202100279123,1
202100279104,1
202100278666,1
202100278665,1
202100278282,1
202100278258,1
202100277638,1
202100276523,1
202100276312,1
202100275327,1
202100020958,1
202100261771,1
202100261772,1
202100261812,1
202100262980,1
202100263569,1
202100264446,1
202100264461,1
202100274215,1
202100268600,1
202100269385,1
202100269676,1
202100271907,1
202100272087,1
202100272373,1
202100272652,1
202100273599,1
202100265100,1
202100288944,1
202100289860,1
202100290024,1
202100290106,1
202100290255,1
202100291063,1
202100291743,1
202100281261,1
202100296930,1
202100297311,1
202100298402,1
202100298468,1
202100299753,1
202100300629,1
202100300630,1
202100302814,1
202100294590,1
202100281848,1
202100283033,1
202100283299,1
202100283871,1
202100284159,1
202100285437,1
202100285462,1
202100288778,1
202100286093,1
202100286381,1
202100287276,1
202100287479,1
202100287534,1
202100287887,1
202100288532,1
202100288590,1
202100286055,1
202100242422,1
202100241518,1
202100241308,1
202100241010,1
202100240949,1
202100240673,1
202100240246,1
202100240096,1
202100239552,1
202100239010,1
202100238801,1
202100238541,1
202100237871,1
202100237471,1
202100237465,1
202100261519,1
202100228688,1
202100229383,1
202100229984,1
202100230773,1
202100230907,1
202100231011,1
202100232963,1
202100237010,1
202100234423,1
202100234560,1
202100234927,1
202100234930,1
202100235204,1
202100235695,1
202100235751,1
202100236895,1
202100234409,1
202100256430,1
202100256433,1
202100256646,1
202100257108,1
202100257162,1
202100257304,1
202100257310,1
202100243907,1
202100257675,1
202100258424,1
202100258796,1
202100259081,1
202100259767,1
202100259797,1
202100260949,1
202100261319,1
202100257647,1
202100243980,1
202100243981,1
202100244050,1
202100245789,1
202100245951,1
202100245957,1
202100246573,1
202100256338,1
202100249787,1
202100250077,1
202100250493,1
202100251367,1
202100252579,1
202100254091,1
202100255351,1
202100256098,1
202100248499,1
202100371482,1
202100367725,1
202100365901,1
202100365145,1
202100364251,1
202100363196,1
202100362201,1
202100362198,1
202100361803,1
202100360794,1
202100359615,1
202100357948,1
202100356700,1
202100356063,1
202100355901,1
202100302889,1
202100340793,1
202100342514,1
202100345379,1
202100346040,1
202100346800,1
202100348145,1
202100349068,1
202100355052,1
202100349923,1
202100350444,1
202100350805,1
202100352937,1
202100354815,1
202100354849,1
202100355002,1
202100355045,1
202100349788,1
202100380384,1
202100382274,1
202100383037,1
202100384776,1
202100387639,1
202100388617,1
202100389087,1
202100372508,1
202100390668,1
202000009876,1
202100391228,1
202100392180,1
202100392469,1
202100393105,1
202100393564,1
202100393814,1
202100389859,1
202100372554,1
202100372615,1
202100372884,1
202100373175,1
202100373552,1
202100374411,1
202100374786,1
202100380213,1
202100375404,1
202100375641,1
202100375642,1
202100376416,1
202100378210,1
202100378853,1
202100379045,1
202100379230,1
202100374903,1
202100317848,1
202100317165,1
202100314883,1
202100314671,1
202100311838,1
202100311527,1
202100311523,1
202100311054,1
202100310695,1
202100310412,1
202100310239,1
202100310020,1
202100309743,1
202100309638,1
202100309632,1
202100340446,1
202100303212,1
202100303479,1
202100303602,1
202100303819,1
202100304256,1
202100304719,1
202100304772,1
202100309513,1
202100305031,1
202100305200,1
202100305358,1
202100307199,1
202100307224,1
202100308020,1
202100308023,1
202100308153,1
202100305018,1
202100331217,1
202100331777,1
202100332306,1
202100332329,1
202100333375,1
202100333555,1
202100333850,1
202100319093,1
202100335187,1
202100335760,1
202100336050,1
202100336824,1
202100336832,1
202100338022,1
202100338435,1
202100339972,1
202100334859,1
202100319153,1
202100319997,1
202100320466,1
202100321842,1
202100322514,1
202100322557,1
202100323187,1
202100330068,1
202100323520,1
202100323775,1
202100323900,1
202100325368,1
202100325669,1
202100325693,1
202100329174,1
202100329293,1
202100323474,1
202100108124,1
202100107950,1
202100107699,1
202100106897,1
202100106051,1
202100105726,1
202100105597,1
202100105409,1
202100105335,1
202100103860,1
202100101083,1
202100100431,1
202100099587,1
202100098680,1
202100096917,1
202100228521,1
202100084141,1
202100084174,1
202100086614,1
202100086866,1
202100087083,1
202100088847,1
202100088852,1
202100096678,1
202100090389,1
202100091269,1
202100093488,1
202100095247,1
202100095450,1
202100095451,1
202100095563,1
202100096284,1
202100089887,1
202100122186,1
202100122431,1
202100122529,1
202100122865,1
202100122871,1
202100124046,1
202100124594,1
202100108260,1
202100125246,1
202100125612,1
202100125655,1
202100125819,1
202100127211,1
202100127323,1
202100127337,1
202100127371,1
202100124758,1
202100109000,1
202100109443,1
202100109470,1
202100109599,1
202100109769,1
202100110045,1
202100110867,1
202100120673,1
202100114711,1
202100115829,1
202100116303,1
202100116349,1
202100116430,1
202100119069,1
202100119795,1
202100119796,1
202100112412,1
202100048775,1
202100048667,1
202100048660,1
202100047972,1
202100047716,1
202100047693,1
202100047342,1
202100047123,1
202100044974,1
202100044810,1
202100042398,1
202100042384,1
202100039081,1
202100037986,1
202100037968,1
202100084140,1
202100021569,1
202100021986,1
202100023782,1
202100024700,1
202100025963,1
202100027747,1
202100028165,1
202100037203,1
202100028928,1
202100029751,1
202100030320,1
202100034556,1
202100035114,1
202100036362,1
202100036364,1
202100037102,1
202100028761,1
202100070348,1
202100071124,1
202100072010,1
202100072991,1
202100073131,1
202100074322,1
202100074804,1
202100051070,1
202100075277,1
202100077175,1
202100077508,1
202100078250,1
202100078803,1
202100080007,1
202100081652,1
202100082910,1
202100075275,1
202100051245,1
202100051692,1
202100055144,1
202100055835,1
202100056530,1
202100057189,1
202100058449,1
202100068101,1
202100060114,1
202100061450,1
202100064965,1
202100065571,1
202100065882,1
202100066035,1
202100067630,1
202100067801,1
202100059411,1
202100199158,1
202100198635,1
202100197415,1
202100196702,1
202100195654,1
202100194575,1
202100194068,1
202100193498,1
202100193482,1
202100192671,1
202100191708,1
202100191707,1
202100189962,1
202100189919,1
202100186722,1
202100127784,1
202100174403,1
202100174697,1
202100174705,1
202100175664,1
202100176068,1
202100177013,1
202100177886,1
202100183167,1
202100179071,1
202100180613,1
202100180928,1
202100180972,1
202100180973,1
202100182698,1
202100182790,1
202100182972,1
202100179042,1
202100208650,1
202100208847,1
202100213684,1
202100214050,1
202100214953,1
202100215088,1
202100216419,1
202100199160,1
202100217292,1
202100219167,1
202100221449,1
202100221591,1
202100224064,1
202100226574,1
202100228327,1
202100228517,1
202100217185,1
202100199397,1
202100199406,1
202100200733,1
202100201137,1
202100201138,1
202100201302,1
202100202016,1
202100208456,1
202100203481,1
202100203625,1
202100204545,1
202100204564,1
202100205353,1
202100205922,1
202100207832,1
202100208455,1
202100203457,1
202100148490,1
202100148302,1
202100148299,1
202100146848,1
202100146846,1
202100146746,1
202100146612,1
202100146336,1
202100145904,1
202100145545,1
202100144325,1
202100144188,1
202100143740,1
202100142908,1
202100141768,1
202100174360,1
202100128210,1
202100128565,1
202100130872,1
202100131579,1
202100132230,1
202100134515,1
202100134793,1
202100139924,1
202100136183,1
202100137267,1
202100137287,1
202100137329,1
202100137337,1
202100139510,1
202100139559,1
202100139644,1
202100135551,1
202100165661,1
202100167416,1
202100167832,1
202100167960,1
202100168675,1
202100169936,1
202100169941,1
202100149568,1
202100171328,1
202100172172,1
202100172489,1
202100172494,1
202100173520,1
202100173994,1
202100174196,1
202100174273,1
202100171159,1
202100151084,1
202100151893,1
202100151918,1
202100151921,1
202100152094,1
202100154566,1
202100155792,1
202100165492,1
202100157089,1
202100158509,1
202100160278,1
202100161787,1
202100163049,1
202100163471,1
202100164211,1
202100165231,1
202100156512,1
